{"name":"d02e26b7-8ae3-4660-942c-8b285d3886b1","id":"/providers/Microsoft.Flow/flows/d02e26b7-8ae3-4660-942c-8b285d3886b1","type":"Microsoft.Flow/flows","properties":{"apiId":"/providers/Microsoft.PowerApps/apis/shared_logicflows","displayName":"Bulls and Cows","definition":{"metadata":{"workflowEntityId":null,"creator":{"id":"9d6db01a-e3bc-47bc-9e8e-859157959b62","type":"User","tenantId":"67262c9b-2335-4c64-9274-d7d5735deb16"},"provisioningMethod":"FromDefinition","failureAlertSubscription":true,"clientLastModifiedTime":"2020-05-24T05:24:26.8567985Z"},"$schema":"https://schema.management.azure.com/providers/Microsoft.Logic/schemas/2016-06-01/workflowdefinition.json#","contentVersion":"1.0.0.0","parameters":{"$connections":{"defaultValue":{},"type":"Object"},"$authentication":{"defaultValue":{},"type":"SecureObject"}},"triggers":{"manual":{"type":"Request","kind":"Button","inputs":{"schema":{"type":"object","properties":{},"required":[]}}}},"actions":{"Initialize_variable_Code":{"runAfter":{},"type":"InitializeVariable","inputs":{"variables":[{"name":"Code","type":"string"}]}},"Initialize_variable_CurrentNumber":{"runAfter":{"Initialize_variable_Code":["Succeeded"]},"type":"InitializeVariable","inputs":{"variables":[{"name":"CurrentNumber","type":"integer","value":0}]}},"Do_until":{"actions":{"Set_variable_CurrentNumber":{"runAfter":{},"type":"SetVariable","inputs":{"name":"CurrentNumber","value":"@rand(0,9)\r\n"}},"Condition_If_character_is_already_in_the_Code":{"actions":{"Append_to_string_variable":{"runAfter":{},"type":"AppendToStringVariable","inputs":{"name":"Code","value":"@variables('CurrentNumber')"}}},"runAfter":{"Set_variable_CurrentNumber":["Succeeded"]},"expression":{"equals":["@contains(variables('Code'),string(variables('CurrentNumber')))",false]},"type":"If"}},"runAfter":{"Initialize_Count":["Succeeded"]},"expression":"@equals(length(variables('Code')), 4)","limit":{"count":5000,"timeout":"PT1H"},"type":"Until"},"Compose_2":{"runAfter":{"Do_until":["Succeeded"]},"type":"Compose","inputs":"@variables('Code')"},"Until_it's_10_attempts_or_player_wins":{"actions":{"Post_an_Adaptive_Card_to_a_Teams_channel_and_wait_for_a_response":{"runAfter":{},"metadata":{"flowSystemMetadata":{"swaggerOperationId":"SubscribeChannelFlowContinuation"}},"type":"ApiConnectionWebhook","inputs":{"host":{"connection":{"name":"@json(decodeBase64(triggerOutputs().headers['X-MS-APIM-Tokens']))['$connections']['shared_teams']['connectionId']"},"api":{"runtimeUrl":"https://australia-001.azure-apim.net/apim/teams"}},"body":{"notificationUrl":"@{listCallbackUrl()}","body":{"recipient":{"channelId":"19:f05d3782778048f7ba2a737555a40d8a@thread.skype"},"messageBody":"{\"type\":\"AdaptiveCard\",\"$schema\":\"http://adaptivecards.io/schemas/adaptive-card.json\",\"version\":\"1.2\",\"body\":[{\"text\":\"Enter Your Code\",\"type\":\"TextBlock\"},{\"placeholder\":\"Placeholder text\",\"type\":\"Input.Text\",\"id\":\"myCode\",\"maxLength\":4},{\"type\":\"ActionSet\",\"actions\":[{\"title\":\"Submit\",\"type\":\"Action.Submit\"}]}],\"-ms-tokens\":{}}","updateMessage":"Great! Let me see!","shouldUpdateCard":true}},"path":"/flowbot/actions/flowcontinuation/recipienttypes/channel/$subscriptions","queries":{"groupId":"6fe9b68d-a5de-4c17-a1fc-cb09a0cb7991"},"authentication":{"type":"Raw","value":"@json(decodeBase64(triggerOutputs().headers['X-MS-APIM-Tokens']))['$ConnectionKey']"}}},"Set_Guess_from_Response":{"runAfter":{"Post_an_Adaptive_Card_to_a_Teams_channel_and_wait_for_a_response":["Succeeded"]},"type":"SetVariable","inputs":{"name":"Guess","value":"@body('Post_an_Adaptive_Card_to_a_Teams_channel_and_wait_for_a_response')?['data']?['myCode']"}},"Set_Count_to_0":{"runAfter":{"Set_Guess_from_Response":["Succeeded"]},"type":"SetVariable","inputs":{"name":"Count","value":0}},"Set_Bulls_to_0_":{"runAfter":{"Set_Count_to_0":["Succeeded"]},"type":"SetVariable","inputs":{"name":"Bulls","value":0}},"Set_Cows_to_0":{"runAfter":{"Set_Bulls_to_0_":["Succeeded"]},"type":"SetVariable","inputs":{"name":"Cows","value":0}},"Process_Guess_for_Bulls_and_Cows":{"actions":{"Check_for_Bulls":{"actions":{"Increment_Bulls":{"runAfter":{},"type":"IncrementVariable","inputs":{"name":"Bulls","value":1}}},"runAfter":{},"else":{"actions":{"Check_for_Cows":{"actions":{"Increment_Cows":{"runAfter":{},"type":"IncrementVariable","inputs":{"name":"Cows","value":1}}},"runAfter":{},"expression":{"equals":["@contains(variables('Code'),substring(variables('Guess'),variables('Count'),1))","@true"]},"type":"If"}}},"expression":{"equals":["@substring(variables('Code'),variables('Count'),1)","@substring(variables('Guess'),variables('Count'),1)"]},"type":"If"},"Increment_Count":{"runAfter":{"Check_for_Bulls":["Succeeded"]},"type":"IncrementVariable","inputs":{"name":"Count","value":1}}},"runAfter":{"Set_Cows_to_0":["Succeeded"]},"expression":"@equals(variables('Count'), 4)","limit":{"count":60,"timeout":"PT1H"},"type":"Until"},"Post_your_own_adaptive_card_as_the_Flow_bot_to_a_channel":{"runAfter":{"Process_Guess_for_Bulls_and_Cows":["Succeeded"]},"metadata":{"flowSystemMetadata":{"swaggerOperationId":"PostChannelAdaptiveCard"}},"type":"ApiConnection","inputs":{"host":{"connection":{"name":"@json(decodeBase64(triggerOutputs().headers['X-MS-APIM-Tokens']))['$connections']['shared_teams']['connectionId']"},"api":{"runtimeUrl":"https://australia-001.azure-apim.net/apim/teams"}},"method":"post","body":{"recipient":{"channelId":"19:f05d3782778048f7ba2a737555a40d8a@thread.skype"},"messageBody":"\n{\n    \"type\": \"AdaptiveCard\",\n    \"$schema\": \"http://adaptivecards.io/schemas/adaptive-card.json\",\n    \"version\": \"1.2\",\n    \"body\": [\n        {\n            \"text\": \"Your Code Entered:  @{body('Post_an_Adaptive_Card_to_a_Teams_channel_and_wait_for_a_response')?['data']?['myCode']}\",\n            \"type\": \"TextBlock\"\n        }, \n       {\n            \"text\": \"Bulls: @{string(variables('Bulls'))\r\n}\",\n            \"type\": \"TextBlock\"\n        },\n       {\n            \"text\": \"Cows:  @{string(variables('Cows'))}\",\n            \"type\": \"TextBlock\"\n        }\n     ]\n}"},"path":"/flowbot/actions/adaptivecard/recipienttypes/channel","queries":{"groupId":"6fe9b68d-a5de-4c17-a1fc-cb09a0cb7991"},"authentication":{"type":"Raw","value":"@json(decodeBase64(triggerOutputs().headers['X-MS-APIM-Tokens']))['$ConnectionKey']"}}}},"runAfter":{"Compose_2":["Succeeded"]},"expression":"@equals(variables('Guess'), variables('Code'))","limit":{"count":10,"timeout":"PT1H"},"type":"Until"},"Initialize_Guess":{"runAfter":{"Initialize_variable_CurrentNumber":["Succeeded"]},"type":"InitializeVariable","inputs":{"variables":[{"name":"Guess","type":"string"}]}},"Initialize_Bulls":{"runAfter":{"Initialize_Guess":["Succeeded"]},"type":"InitializeVariable","inputs":{"variables":[{"name":"Bulls","type":"integer"}]}},"Initialize_Cows":{"runAfter":{"Initialize_Bulls":["Succeeded"]},"type":"InitializeVariable","inputs":{"variables":[{"name":"Cows","type":"integer"}]}},"Initialize_Count":{"runAfter":{"Initialize_Cows":["Succeeded"]},"type":"InitializeVariable","inputs":{"variables":[{"name":"Count","type":"integer","value":0}]}},"Win_or_Lose":{"actions":{"You_Won":{"runAfter":{},"metadata":{"flowSystemMetadata":{"swaggerOperationId":"PostChannelAdaptiveCard"}},"type":"ApiConnection","inputs":{"host":{"connection":{"name":"@json(decodeBase64(triggerOutputs().headers['X-MS-APIM-Tokens']))['$connections']['shared_teams']['connectionId']"},"api":{"runtimeUrl":"https://australia-001.azure-apim.net/apim/teams"}},"method":"post","body":{"recipient":{"channelId":"19:f05d3782778048f7ba2a737555a40d8a@thread.skype"},"messageBody":"{\n    \"type\": \"AdaptiveCard\",\n    \"$schema\": \"http://adaptivecards.io/schemas/adaptive-card.json\",\n    \"version\": \"1.2\",\n    \"body\": [\n        {\n            \"text\": \"Congratulations!!! You won! \",\n            \"type\": \"TextBlock\"\n        }\n     ]\n}"},"path":"/flowbot/actions/adaptivecard/recipienttypes/channel","queries":{"groupId":"6fe9b68d-a5de-4c17-a1fc-cb09a0cb7991"},"authentication":{"type":"Raw","value":"@json(decodeBase64(triggerOutputs().headers['X-MS-APIM-Tokens']))['$ConnectionKey']"}}}},"runAfter":{"Until_it's_10_attempts_or_player_wins":["Succeeded"]},"else":{"actions":{"You_Lost":{"runAfter":{},"metadata":{"flowSystemMetadata":{"swaggerOperationId":"PostChannelAdaptiveCard"}},"type":"ApiConnection","inputs":{"host":{"connection":{"name":"@json(decodeBase64(triggerOutputs().headers['X-MS-APIM-Tokens']))['$connections']['shared_teams']['connectionId']"},"api":{"runtimeUrl":"https://australia-001.azure-apim.net/apim/teams"}},"method":"post","body":{"recipient":{"channelId":"19:f05d3782778048f7ba2a737555a40d8a@thread.skype"},"messageBody":"{\n    \"type\": \"AdaptiveCard\",\n    \"$schema\": \"http://adaptivecards.io/schemas/adaptive-card.json\",\n    \"version\": \"1.2\",\n    \"body\": [\n        {\n            \"text\": \"Sorry, but you lost :( \",\n            \"type\": \"TextBlock\"\n        }\n     ]\n}"},"path":"/flowbot/actions/adaptivecard/recipienttypes/channel","queries":{"groupId":"6fe9b68d-a5de-4c17-a1fc-cb09a0cb7991"},"authentication":{"type":"Raw","value":"@json(decodeBase64(triggerOutputs().headers['X-MS-APIM-Tokens']))['$ConnectionKey']"}}}}},"expression":{"equals":["@variables('Guess')","@variables('Code')"]},"type":"If"}}},"connectionReferences":{"shared_teams":{"connectionName":"shared-teams-bae5f8a1-e056-4f2e-a56a-b7cac73155f3","source":"Invoker","id":"/providers/Microsoft.PowerApps/apis/shared_teams","tier":"NotSpecified"}},"flowFailureAlertSubscribed":false}}